{
  "project_info": {
    "project_number": "567536875568",
    "firebase_url": "https://aplikacja-turystyczna-39f9c-default-rtdb.firebaseio.com",
    "project_id": "aplikacja-turystyczna-39f9c",
    "storage_bucket": "aplikacja-turystyczna-39f9c.appspot.com"
  },
  "client": [
    {
      "client_info": {
        "mobilesdk_app_id": "1:567536875568:android:6bc95bfac8ff44c44e55f5",
        "android_client_info": {
          "package_name": "com.example.aplikacjaturystyczna"
        }
      },
      "oauth_client": [
        {
          "client_id": "567536875568-h9k8omd13ajavt4nct939i0ntc8157i3.apps.googleusercontent.com",
          "client_type": 3
        }
      ],
      "api_key": [
        {
          "current_key": "AIzaSyAHo4ngUzX7tZlS33zmMbi8lXAxvpW3WLs"
        }
      ],
      "services": {
        "appinvite_service": {
          "other_platform_oauth_client": [
            {
              "client_id": "567536875568-h9k8omd13ajavt4nct939i0ntc8157i3.apps.googleusercontent.com",
              "client_type": 3
            }
          ]
        }
      }
    }
  ],
  "configuration_version": "1"
}